DocumentTitle,Section,Text,HintStandard
Strategic Plan 2024-2027,Priority 1,We commit to transparent governance and ethical conduct across all operations.,CR 1.1
Institutional Planning Calendar,Annual Cycle,Planning occurs on a rolling annual cycle with mid-year reviews and KPI tracking.,7.1
Student Achievement Report,KPIs,Undergraduate retention improved from 62% to 68% over two years.,8.2.a
Faculty Handbook,Governance,Curriculum changes require majority vote of the faculty senate.,10.4
Program Catalog,Degree Requirements,Associate degree programs require a minimum of 60 semester credits.,9.1
